Plaintiff,Place,Renting Households,Filings,Evictions,Eviction Rate,Filing Rate
non velit nec nisi vulputate,Chicago,4362,2894,6959,55,93
nulla quisque,Chicago,6913,5983,5494,84,74
odio curabitur convallis duis,Pheonix,3658,1036,3275,8,86
duis mattis egestas metus,Pheonix,8673,774,268,9,49
eu sapien cursus vestibulum proin,Atlanta,1851,9437,7951,59,42
primis in faucibus orci,Chicago,6243,7984,4757,90,16
justo in blandit ultrices enim,Pheonix,4373,1021,2838,79,54
blandit mi in porttitor pede,Chicago,1532,8964,9104,21,77
condimentum curabitur,Atlanta,3570,7233,5606,76,42
sit amet nulla,Pheonix,465,3452,302,77,9
nulla eget,Pheonix,2799,5791,2765,4,19
vel nulla eget,Chicago,5511,9923,6142,49,28
donec vitae nisi nam ultrices,Chicago,7772,4979,4728,18,35
sit amet,Chicago,2837,4091,1100,7,37
molestie lorem quisque,Pheonix,5124,3479,9371,63,62
ac nulla sed vel enim,Chicago,5496,4142,803,30,46
consequat nulla,Atlanta,8547,7941,341,12,69
felis sed lacus morbi,Pheonix,8918,5522,185,89,24
bibendum felis sed,Pheonix,4667,135,6959,8,25
faucibus orci,Chicago,3881,9980,1925,83,62
purus sit amet nulla,Pheonix,6413,987,7745,12,47
eget congue eget semper rutrum,Pheonix,1306,5782,5549,64,35
lorem ipsum dolor,Pheonix,5111,7995,3365,28,22
bibendum imperdiet nullam orci,Chicago,740,3346,3155,100,10
luctus tincidunt,Chicago,3642,8742,405,95,30
in leo maecenas pulvinar,Chicago,2638,6835,4937,31,17
rutrum neque aenean auctor,Pheonix,6161,192,9181,29,31
bibendum morbi,Pheonix,7212,731,2278,15,99
vestibulum velit id,Pheonix,1923,8819,1606,42,79
eros vestibulum ac est,New York City,4850,8209,5479,13,55
lectus aliquam sit amet,Chicago,7180,3733,4015,47,10
vestibulum proin eu mi,Pheonix,5609,3663,3726,69,14
imperdiet nullam orci pede venenatis,Pheonix,9068,8011,5012,14,21
at velit eu est congue,Pheonix,8737,9099,4394,54,54
consequat ut nulla sed,Pheonix,110,4310,401,11,9
magna bibendum imperdiet,New York City,9820,6347,807,60,5
ultrices erat,Pheonix,2274,6965,407,36,36
vel sem,Pheonix,9003,2634,6263,58,65
donec quis orci,Chicago,5281,4657,4427,88,76
non mauris morbi non,Atlanta,9871,9083,594,20,99
sit amet eros suspendisse accumsan,Pheonix,5750,3989,2418,46,39
varius integer ac leo,Pheonix,5980,8319,1555,72,71
mauris laoreet,New York City,8447,9437,6458,33,71
ante nulla,Pheonix,2765,7141,2868,95,24
odio cras mi,Pheonix,4207,8877,2069,72,69
turpis nec,Pheonix,1076,7671,6543,98,6
quam sapien varius ut blandit,Atlanta,9284,9998,6725,57,60
ac leo,Chicago,6486,8208,6175,18,15
et ultrices,Chicago,7249,1755,1208,18,50
integer aliquet,New York City,7996,6573,81,18,83
libero nullam,Atlanta,8091,2062,1843,1,29
nibh in lectus pellentesque,Pheonix,4604,7059,3259,20,15
risus semper porta,Pheonix,9839,8922,7468,88,28
in congue etiam justo etiam,Pheonix,4372,9941,6492,60,5
quam suspendisse potenti nullam porttitor,Pheonix,6904,6709,8189,32,6
quisque porta volutpat,Pheonix,8330,297,8058,45,41
a libero nam dui,Atlanta,8894,2659,7739,77,97
vel augue vestibulum rutrum rutrum,Pheonix,5514,3180,7481,44,24
iaculis justo in hac habitasse,Pheonix,6164,7915,3451,45,62
in est,Pheonix,1281,1812,2996,94,20
ridiculus mus,New York City,664,2276,5273,55,50
vitae mattis nibh ligula nec,Pheonix,6332,3843,5938,93,7
vestibulum ante,Pheonix,6097,8411,1408,7,26
pellentesque ultrices mattis odio,Atlanta,6365,4566,4829,37,91
amet turpis elementum ligula,Atlanta,5023,9364,5235,93,91
felis eu sapien cursus,Pheonix,6697,2032,7989,23,37
porttitor pede,Chicago,5186,881,5220,75,12
sed vel enim sit amet,Pheonix,3536,5337,9895,79,72
diam vitae quam suspendisse,Atlanta,2444,1407,1932,99,92
ligula vehicula consequat morbi a,Pheonix,6869,9327,3601,80,51
volutpat erat quisque erat eros,Atlanta,8780,8190,5495,27,39
ac tellus,Pheonix,5606,1113,3056,51,27
convallis eget,Atlanta,6636,9838,1185,21,24
pretium quis lectus suspendisse potenti,Pheonix,7538,6287,7129,28,74
nunc commodo,Pheonix,6518,637,8922,82,78
sit amet sem fusce,Chicago,2298,9635,7180,39,89
mauris enim,Pheonix,5352,8730,533,42,7
ipsum aliquam non,Chicago,3970,4188,1141,11,100
lorem quisque ut erat curabitur,Chicago,6731,3310,3186,64,17
velit nec nisi vulputate,Pheonix,4245,4461,7599,85,46
auctor gravida sem praesent,Pheonix,7409,822,4963,42,24
libero convallis,Pheonix,4467,782,3972,69,95
non pretium quis,Atlanta,6029,4516,7639,50,92
pede justo,Chicago,683,7400,1316,78,26
erat nulla,Pheonix,8711,8210,1271,18,33
habitasse platea dictumst maecenas,Pheonix,6758,1366,1827,35,46
ac lobortis vel,Pheonix,3349,3973,6623,93,5
lorem id ligula,Pheonix,7463,3816,3803,87,86
luctus et ultrices posuere,New York City,2641,1926,8709,37,34
libero nullam,Pheonix,379,65,7868,53,14
amet nulla quisque,Pheonix,6527,7820,2917,75,60
in hac habitasse,New York City,8276,6197,9556,33,64
dapibus duis at,Chicago,5245,1791,5805,67,3
dui vel nisl,Pheonix,7987,7381,9703,74,85
mus etiam vel,Pheonix,9796,4569,9197,35,77
sociis natoque penatibus et magnis,Chicago,5177,7864,2390,89,71
in sapien,Chicago,6447,5256,6946,86,18
semper porta volutpat quam pede,Pheonix,5060,4139,4308,82,45
dictumst aliquam augue,Pheonix,2755,1024,7871,45,52
vestibulum ante ipsum primis,Pheonix,5093,6400,8319,76,43
diam neque vestibulum eget,Pheonix,8270,9942,6879,55,78
libero nullam,Chicago,5513,1913,5888,61,32
sed justo pellentesque,Pheonix,5684,8735,3361,61,92
hendrerit at,Pheonix,8089,4361,1472,82,19
ut erat id,Chicago,7754,2670,7249,100,57
congue vivamus,Pheonix,9566,5866,8840,57,79
at vulputate,New York City,4613,4606,5580,47,30
nec euismod scelerisque quam turpis,Chicago,7161,1561,3482,26,97
mauris enim leo rhoncus sed,Pheonix,7386,4239,7144,69,54
pede lobortis ligula sit,Pheonix,9102,1226,5064,95,37
a libero nam dui,New York City,8725,2731,8561,77,8
aenean lectus,New York City,7699,3677,9296,81,38
non mattis pulvinar nulla pede,Pheonix,9768,7311,7267,8,35
aenean sit amet justo,Pheonix,7910,7380,4046,99,62
ultrices posuere cubilia,Pheonix,2925,3945,7617,64,56
lobortis vel dapibus at,Pheonix,3595,5488,5097,100,62
elementum pellentesque quisque,Pheonix,5279,7795,4647,91,25
orci luctus et ultrices,Pheonix,6090,8350,4708,10,39
lacus curabitur,Chicago,7696,1481,7071,97,18
massa id,New York City,5389,7850,2228,75,82
vehicula condimentum curabitur,Pheonix,8870,7759,6713,66,61
mauris eget massa,Chicago,9179,7063,3300,31,76
condimentum neque sapien,Pheonix,4828,9043,4371,70,93
vestibulum ante ipsum primis,Pheonix,926,5972,5037,85,38
consequat dui,Pheonix,3113,6888,5344,86,59
quam fringilla,Pheonix,9066,7917,4252,2,90
ipsum dolor sit amet,New York City,9749,5412,7478,27,11
odio justo sollicitudin,Atlanta,7872,412,5513,89,1
est et tempus,Atlanta,1375,97,9952,84,22
in leo maecenas pulvinar,Chicago,3460,6996,5450,56,44
luctus ultricies eu nibh,Pheonix,8570,219,1382,99,51
mattis odio,Chicago,9911,8657,3199,98,32
sit amet erat nulla,Pheonix,1041,3714,6684,12,96
velit id,Atlanta,593,1029,5766,40,61
rhoncus sed vestibulum sit,Atlanta,7852,6058,4744,47,51
mauris eget massa tempor,Atlanta,8006,8855,3579,50,89
dapibus augue vel accumsan,New York City,386,9143,3343,59,63
suspendisse potenti,Chicago,905,6392,2277,71,80
odio elementum eu interdum eu,New York City,8481,9848,5162,23,10
erat eros,Pheonix,8256,4359,3033,56,43
ut massa quis augue,Chicago,5583,3116,7447,75,55
porttitor pede justo eu massa,New York City,8665,2778,3183,48,15
sollicitudin mi,Chicago,9436,1615,6753,61,96
vel pede morbi porttitor,Pheonix,3223,7960,2389,53,34
eu tincidunt,New York City,1083,9475,3891,60,63
lobortis convallis tortor,Pheonix,8469,8511,4367,51,59
donec ut dolor morbi,Pheonix,1656,9962,2370,60,63
id justo sit,New York City,9070,6310,4993,82,22
rhoncus aliquam lacus,Pheonix,3813,9666,7156,99,74
tincidunt eu felis fusce,Atlanta,976,9809,5093,66,38
eget elit sodales,New York City,7552,774,8315,37,54
justo eu,Chicago,4280,1520,9974,18,1
nulla sed vel enim sit,Atlanta,1968,9190,4652,56,82
imperdiet nullam orci pede,Chicago,330,3403,439,28,52
rutrum nulla,Pheonix,3423,6439,5012,36,58
nec dui luctus rutrum nulla,Pheonix,8369,2442,5593,12,68
fusce consequat nulla,New York City,967,5040,9593,99,95
augue vestibulum ante ipsum,Chicago,2781,9380,4908,28,40
vel est,New York City,9260,6243,1702,81,27
pede libero quis orci nullam,Chicago,1064,6918,9713,63,10
vivamus vestibulum sagittis,Chicago,8895,72,3198,70,11
primis in faucibus orci,Pheonix,2666,271,4167,77,62
dapibus dolor vel,Chicago,2081,1216,7407,52,16
purus phasellus,Pheonix,4598,2136,7234,43,60
platea dictumst etiam faucibus,Atlanta,1486,7291,1891,39,18
nec condimentum neque,Pheonix,3937,2511,11,82,24
neque libero convallis,Atlanta,5005,4286,8842,3,74
eu magna vulputate luctus,Atlanta,5572,628,325,96,23
massa tempor convallis,Pheonix,7186,1136,2914,50,70
eget eleifend luctus,Pheonix,7671,4812,6695,4,1
duis at velit,Pheonix,467,3252,2458,75,41
augue a,Pheonix,4214,6743,3274,41,69
ultrices posuere cubilia curae nulla,Chicago,6076,6455,9714,14,80
sem duis aliquam convallis,Pheonix,6342,7858,455,63,67
vel lectus in,Chicago,216,5854,80,9,68
quisque arcu libero,Pheonix,855,331,8850,87,54
rutrum rutrum neque aenean auctor,New York City,496,9211,6759,16,97
ultrices posuere,Chicago,1979,8119,5077,2,49
dis parturient montes nascetur ridiculus,Pheonix,1327,1597,4445,33,38
purus eu magna vulputate,New York City,2937,4538,6798,48,68
est quam pharetra,New York City,1079,3318,5347,46,4
in felis eu sapien,Pheonix,3035,5448,8078,7,31
vivamus metus arcu adipiscing,Pheonix,8026,6556,5311,63,36
tincidunt in,Chicago,9139,8045,2192,63,99
dis parturient,Pheonix,1210,6100,9309,34,16
viverra diam vitae,Atlanta,2035,852,5509,32,31
in imperdiet et,Pheonix,2214,9114,3224,55,13
platea dictumst maecenas ut massa,Chicago,1608,3315,2847,100,2
sociis natoque penatibus et magnis,New York City,9114,9370,6790,80,84
eleifend luctus,Pheonix,9074,1113,191,27,37
turpis a pede posuere,New York City,7739,5478,6050,47,35
ut at,Chicago,1192,3059,1346,26,81
suscipit a feugiat,Pheonix,4942,8199,107,87,20
vel lectus in,Pheonix,5689,5976,8231,33,27
felis donec,Pheonix,141,8093,7009,3,49
maecenas rhoncus aliquam,Atlanta,2618,8606,6817,6,40
vel augue,Atlanta,4234,950,5164,28,50
tincidunt ante vel,Chicago,728,1000,8452,55,85
mauris morbi non lectus aliquam,Pheonix,4499,6334,1929,86,62
ante vivamus tortor duis mattis,Chicago,3858,7832,7480,26,57
quis odio consequat varius,Pheonix,1214,9722,4098,40,69
ipsum dolor sit amet consectetuer,Pheonix,8739,3375,4413,3,65
nec sem,Chicago,7760,5589,3087,18,67
volutpat quam pede lobortis ligula,Pheonix,1589,4081,2387,21,57
purus eu magna,Pheonix,4883,9166,6076,15,10
ullamcorper purus sit amet,Pheonix,620,9680,3007,91,80
tincidunt lacus at,Pheonix,8200,6983,7358,90,48
enim in tempor turpis,Pheonix,793,8220,1876,35,81
cursus urna ut tellus,Pheonix,1392,4297,771,56,12
suspendisse potenti cras in,New York City,3098,9104,3031,85,28
luctus et ultrices,Chicago,2937,574,4999,4,5
donec pharetra magna vestibulum,Chicago,8085,1873,5928,18,20
sed vestibulum,Chicago,3902,1840,5923,76,86
nibh in,Chicago,6033,6499,6604,37,9
est risus,Pheonix,6547,9842,4490,77,95
amet diam in magna,Chicago,2080,6463,6525,65,9
duis consequat dui,Pheonix,1572,12,5390,17,36
augue vestibulum rutrum rutrum neque,Atlanta,3604,854,6055,94,37
duis aliquam convallis nunc proin,Pheonix,2186,4160,9994,94,19
venenatis lacinia aenean sit,Pheonix,8291,8350,7493,3,49
dolor sit,Atlanta,5950,8479,8277,88,54
aliquam non mauris morbi,Pheonix,1097,6871,5513,79,14
dictumst etiam faucibus cursus,Pheonix,3192,2952,3437,4,96
aliquam non mauris morbi non,Pheonix,6753,2862,7650,21,97
est et tempus semper est,Chicago,2923,5064,3339,76,84
non ligula pellentesque,Pheonix,1849,6206,4061,47,68
lorem ipsum dolor sit,Pheonix,8737,7095,8816,88,96
ut nunc,Pheonix,6909,9478,7650,8,60
sit amet sem,Atlanta,1222,5546,3360,87,8
rhoncus aliquet,Pheonix,3977,17,1371,2,91
morbi non quam nec dui,Pheonix,7148,1972,1803,27,91
scelerisque mauris sit amet eros,Pheonix,6735,1394,6216,12,68
consequat lectus in est risus,Pheonix,2762,4538,329,67,60
ipsum primis,Chicago,1419,4511,3002,100,33
duis bibendum felis sed interdum,Pheonix,5214,439,4154,90,31
eget nunc,Pheonix,7728,7605,1636,51,28
pede justo lacinia eget,Chicago,3937,8491,6260,87,91
praesent id,Pheonix,5927,3033,6659,9,34
magna ac consequat metus,Pheonix,7704,1442,1427,83,74
bibendum morbi non quam,New York City,908,7075,309,99,8
duis bibendum,New York City,9005,6652,5242,73,94
proin interdum,Atlanta,3697,5271,9530,16,76
augue quam sollicitudin,Pheonix,1636,2832,4247,52,33
nibh quisque id,New York City,9039,6198,4691,7,53
risus auctor,Pheonix,7573,9884,6096,9,17
est phasellus sit amet erat,Chicago,1262,9605,5499,15,44
morbi quis,Atlanta,4713,6461,8341,56,12
erat nulla tempus vivamus,Pheonix,4914,1770,1006,96,21
leo odio porttitor id consequat,Atlanta,593,4776,4374,88,40
in consequat ut nulla sed,Pheonix,4372,9889,8131,63,49
ante nulla,Pheonix,5611,2629,2891,87,42
nulla ultrices aliquet maecenas leo,Chicago,9563,9481,1532,15,34
est donec odio justo,Pheonix,5071,8934,3807,69,27
augue quam,Pheonix,6001,2689,1931,43,91
suspendisse potenti,Atlanta,5080,2353,1421,2,37
ridiculus mus etiam,Pheonix,6674,7877,5181,21,92
interdum venenatis turpis enim blandit,Atlanta,9759,7929,1954,67,63
quis tortor,Pheonix,4961,8664,1663,38,24
velit id pretium,Chicago,4191,9092,731,82,34
integer pede justo,Chicago,8109,8866,577,47,55
cursus id turpis integer aliquet,Chicago,9196,6653,2701,37,18
montes nascetur ridiculus mus vivamus,Pheonix,3584,3715,6551,73,69
morbi vestibulum velit,Pheonix,6874,2066,5305,65,40
odio curabitur convallis duis,Pheonix,6248,8929,2524,77,31
pulvinar lobortis est,Pheonix,5923,5141,4646,96,35
mauris non ligula pellentesque,New York City,6005,9954,2117,74,48
vestibulum ante ipsum primis in,Pheonix,1568,8143,272,12,33
posuere cubilia curae donec,Chicago,8376,1587,5793,57,28
pharetra magna vestibulum,Pheonix,5649,3540,7716,21,67
ut odio,Pheonix,4158,2847,7095,54,32
nibh ligula,Chicago,1170,4099,3291,86,27
faucibus cursus urna ut tellus,Atlanta,3195,3978,5088,67,45
odio odio elementum eu,Chicago,8380,1250,7325,1,99
non sodales sed tincidunt eu,Pheonix,4861,9752,813,25,83
morbi a,Pheonix,9641,2828,8008,40,71
primis in,Chicago,5080,4626,8318,96,84
ullamcorper augue a suscipit,Pheonix,5387,7118,499,44,10
ultrices libero,Pheonix,9210,5980,6688,47,43
magnis dis parturient montes,Pheonix,2416,3929,4758,82,30
amet justo morbi ut odio,Pheonix,2843,5582,9467,30,64
interdum in ante vestibulum,Pheonix,6854,2870,7847,80,41
purus phasellus in felis,Pheonix,1557,6274,3782,82,93
eu est congue elementum,Pheonix,8371,6666,6312,90,41
ipsum primis,Atlanta,1446,7119,5750,93,92
congue elementum in hac habitasse,Pheonix,3600,7120,8795,50,46
sociis natoque penatibus et magnis,Pheonix,9457,8677,1907,76,68
nulla sed accumsan felis,Pheonix,7144,7569,1814,3,64
suspendisse accumsan tortor,Pheonix,4895,6595,5856,5,91
ut suscipit,Pheonix,9628,6992,6329,20,11
montes nascetur ridiculus,Atlanta,922,4420,9327,58,96
dis parturient montes,Pheonix,6610,1678,497,51,60
nulla suscipit ligula in,Pheonix,4453,6429,4247,48,54
tempus vivamus in,Atlanta,3325,7894,6815,85,42
ultrices vel,Pheonix,4207,9062,692,69,49
nulla facilisi cras non velit,Pheonix,6280,5890,7204,52,11
dolor morbi vel lectus in,Pheonix,5483,9494,8284,51,76
morbi non quam,Pheonix,1121,7536,854,82,38
nam nulla integer pede,Pheonix,5752,342,4378,32,51
duis aliquam convallis nunc proin,Pheonix,4608,3404,9075,42,40
blandit lacinia,Pheonix,8640,9820,8841,26,46
justo morbi ut odio cras,Pheonix,7051,3411,1055,31,1
sollicitudin mi sit,Chicago,7701,2709,9231,25,7
venenatis tristique fusce congue,Pheonix,4445,3619,202,99,55
in faucibus orci luctus,Pheonix,4513,2520,5220,80,71
lectus vestibulum quam sapien varius,Pheonix,2420,3809,8452,19,98
rhoncus aliquet,Chicago,569,577,4095,64,70
morbi non lectus aliquam sit,New York City,9983,2233,4797,99,89
eu massa donec dapibus duis,Pheonix,7029,6541,1635,41,16
tortor quis turpis,Atlanta,1854,2287,7190,90,3
nulla tellus in sagittis dui,Atlanta,4109,1751,2597,30,90
fermentum donec,Pheonix,2746,8917,1159,43,79
consequat in consequat ut,Pheonix,7190,7729,6352,13,13
tortor duis mattis,Atlanta,9486,8637,8956,70,67
nec euismod scelerisque quam,New York City,7598,3519,3037,77,39
vestibulum sed magna at,Chicago,6244,1763,1135,51,3
phasellus in felis,New York City,1323,8301,9896,84,71
nisl ut volutpat sapien,Pheonix,5036,6778,6213,7,32
nulla elit ac nulla,Pheonix,1701,8896,2421,54,71
eu nibh quisque id,Pheonix,7083,867,9790,58,55
dolor sit amet,Chicago,8166,6884,9367,89,94
feugiat non pretium quis lectus,Pheonix,150,2783,9301,96,63
potenti nullam,Pheonix,7650,6521,1860,10,16
vitae quam suspendisse potenti,Chicago,5472,3894,5479,96,21
nam nulla integer pede,Pheonix,1386,6001,5970,77,47
amet sapien dignissim,Pheonix,9715,6168,8488,17,78
ac leo pellentesque,Chicago,9060,1692,7618,86,66
phasellus sit amet,Chicago,3718,1779,6506,5,77
venenatis lacinia aenean,Pheonix,5003,9076,5621,100,40
aliquam sit amet diam,Pheonix,8200,3166,1988,48,32
dolor morbi vel,Pheonix,3761,1639,1972,96,22
cubilia curae,Chicago,7990,1952,1345,28,20
eu nibh quisque id justo,Chicago,7559,7814,6950,22,61
platea dictumst aliquam augue,Pheonix,2052,4136,5410,95,52
vestibulum ante ipsum,Pheonix,1448,369,8113,42,45
proin at turpis a,Atlanta,3961,7204,6886,32,40
nonummy maecenas tincidunt lacus at,New York City,8079,9717,6323,82,100
mauris lacinia sapien quis libero,Pheonix,4032,7323,9175,50,7
ante ipsum,Chicago,4678,6900,1291,86,88
nec nisi vulputate,New York City,6357,4956,244,21,67
in porttitor pede justo eu,Chicago,6206,7923,1273,67,41
elementum pellentesque quisque porta volutpat,Chicago,732,9212,4411,79,25
viverra diam vitae quam,Chicago,2298,2036,4665,48,45
sem mauris laoreet ut,New York City,5293,4156,677,24,44
fusce posuere,Pheonix,3863,4957,3232,17,81
ultrices posuere cubilia curae donec,Chicago,7361,9565,1281,9,44
lorem id ligula suspendisse,Pheonix,6859,8988,2560,14,91
ac tellus semper interdum,New York City,2968,943,6439,71,35
phasellus id sapien in sapien,Pheonix,1418,8414,3770,31,8
fermentum donec,Pheonix,5966,6293,4980,45,21
nisl duis ac nibh,Chicago,6945,912,7821,63,20
aliquam non,Pheonix,1613,6182,4965,15,75
donec pharetra magna,Pheonix,5666,5151,5523,25,93
malesuada in imperdiet,New York City,130,5838,8115,46,75
eleifend pede,Pheonix,5268,6290,9672,90,77
tempus sit amet,Pheonix,918,9704,6297,84,62
sapien in sapien iaculis congue,Pheonix,7077,9289,8765,59,77
massa volutpat convallis morbi,Chicago,7049,9697,4335,66,11
mauris morbi,New York City,2181,7198,3779,74,27
ut at,Chicago,5122,4177,4423,26,78
sodales scelerisque mauris sit,New York City,2289,8991,6653,52,100
vel est donec odio,Pheonix,8482,6562,1439,11,50
rhoncus dui,Pheonix,9951,6311,5979,24,57
pretium iaculis justo in hac,Pheonix,8782,5178,2884,4,24
justo etiam pretium iaculis,Pheonix,9650,5739,3551,54,67
turpis elementum ligula vehicula,Chicago,2976,4828,137,58,54
lacinia eget,Pheonix,6349,1777,6592,93,79
vestibulum aliquet ultrices erat,Chicago,9213,8682,3371,86,78
volutpat in,Chicago,2003,2085,8526,47,49
volutpat quam pede lobortis ligula,Pheonix,4773,2797,9888,4,65
sollicitudin mi sit,Pheonix,6647,6487,2832,55,89
bibendum morbi non,Pheonix,7121,9578,7840,17,88
dolor quis odio,Pheonix,4136,5179,1408,100,19
viverra dapibus nulla suscipit,Pheonix,2904,1193,1948,28,86
leo pellentesque ultrices mattis odio,Atlanta,9678,2339,5144,73,22
praesent blandit nam nulla,Pheonix,3890,2623,9657,32,42
felis eu,Pheonix,9576,3916,2584,97,34
ultrices mattis odio donec vitae,Pheonix,3361,2240,5878,53,26
vel augue vestibulum ante,Pheonix,3545,5174,8565,12,70
nulla nisl nunc nisl duis,Pheonix,1372,8227,8084,2,97
pede lobortis ligula sit amet,Pheonix,8098,8422,9384,67,13
nunc nisl duis bibendum felis,Pheonix,9122,4540,6256,34,89
amet consectetuer adipiscing,New York City,3784,2184,3868,71,83
tortor duis mattis egestas metus,New York City,1702,4908,1163,44,15
placerat ante,Pheonix,7052,5281,2790,82,25
turpis a pede posuere,New York City,7558,9243,1874,78,48
congue eget semper,Pheonix,3778,9564,9186,37,22
libero convallis,Pheonix,1163,405,9505,13,26
duis aliquam,Chicago,7633,9599,4835,13,60
in leo maecenas pulvinar,Pheonix,4560,2924,5162,78,28
justo sit amet sapien dignissim,Atlanta,5125,3935,5733,72,71
vestibulum eget vulputate,Chicago,1146,4762,6529,72,86
sit amet consectetuer adipiscing,New York City,2909,3153,1445,66,14
fringilla rhoncus mauris enim,Chicago,1671,9705,9275,34,52
pellentesque ultrices mattis odio donec,Pheonix,2802,1662,8977,11,2
nisi nam ultrices libero non,Pheonix,4477,622,2031,53,81
nulla dapibus dolor vel est,Pheonix,8979,4075,3874,20,11
vel nulla eget eros elementum,Pheonix,949,4098,1476,39,34
nulla nunc purus,Pheonix,5490,843,48,23,55
elit proin interdum,Pheonix,8554,6841,4167,26,30
cum sociis natoque penatibus et,Chicago,2322,1349,1233,7,18
aliquam non,New York City,4477,7193,7350,8,66
gravida sem praesent,Chicago,6523,9315,7475,95,1
in imperdiet et commodo,New York City,6338,1962,3087,13,34
aenean fermentum donec ut mauris,Pheonix,1765,1378,4610,10,57
convallis eget eleifend,New York City,483,9409,8291,26,72
orci eget orci,Pheonix,7039,7027,8581,90,97
condimentum neque sapien placerat ante,Chicago,2769,539,3022,8,22
fermentum donec,Atlanta,6698,2584,5269,45,44
tempus vel pede morbi porttitor,New York City,7630,968,8761,92,85
justo sit amet sapien dignissim,Pheonix,4322,1428,1097,77,14
hendrerit at vulputate vitae nisl,Pheonix,5964,7778,7917,34,94
nisl ut volutpat sapien arcu,Chicago,6456,5622,9397,7,19
et magnis dis,Pheonix,6516,1271,5520,22,93
etiam justo etiam pretium iaculis,New York City,9047,7151,6118,63,36
est phasellus sit amet erat,Pheonix,9221,6739,303,47,70
hac habitasse platea dictumst maecenas,Chicago,890,6330,1462,55,92
sed magna,Pheonix,6756,3759,3575,52,56
suspendisse potenti,Atlanta,7275,6053,1138,41,65
volutpat in congue etiam justo,Pheonix,8356,8546,6413,76,96
ligula pellentesque ultrices,Chicago,2445,3548,3349,35,98
duis faucibus,New York City,4112,8737,8435,51,25
mus etiam vel augue vestibulum,Atlanta,9329,2074,5392,67,6
ultrices vel augue,Pheonix,1769,5913,6064,34,46
primis in faucibus,New York City,727,8325,2677,39,38
massa volutpat,New York City,487,8809,2990,87,4
etiam pretium iaculis justo,Chicago,1487,7437,4714,24,11
etiam pretium,Pheonix,5121,9507,7094,91,7
quis lectus suspendisse potenti in,Chicago,365,9877,7796,16,99
lacus at turpis donec,Chicago,8236,4013,9941,23,29
viverra diam,Pheonix,1288,6566,3996,97,33
nam tristique,Pheonix,1152,2050,7305,6,52
posuere cubilia curae donec,Chicago,8141,5495,1282,79,82
cubilia curae,Atlanta,9323,544,2691,52,95
consequat varius,Atlanta,3983,1185,6526,12,61
rutrum at lorem integer,Pheonix,1768,4508,9778,14,47
etiam vel augue vestibulum,New York City,8313,8609,4836,61,56
tincidunt lacus,Chicago,964,6714,402,35,32
lacinia erat vestibulum,New York City,7349,4860,6410,20,25
platea dictumst maecenas ut massa,Pheonix,9881,1885,9530,13,81
vitae quam suspendisse potenti,New York City,3171,5698,6434,75,6
nunc donec quis orci eget,Atlanta,7901,4921,4288,55,16
ante ipsum primis in,Pheonix,2805,7353,9108,7,55
quis odio consequat varius,New York City,1396,6052,3941,63,53
adipiscing elit proin interdum mauris,Chicago,4677,1619,7499,26,75
proin interdum mauris,Atlanta,5764,1035,8861,31,67
molestie nibh in lectus pellentesque,Chicago,1028,3192,5407,15,55
odio justo sollicitudin ut,Pheonix,8579,957,8540,28,33
fusce lacus,Pheonix,2112,9145,3020,55,79
tellus nisi eu,Chicago,3804,7259,3825,10,25
justo morbi ut,Atlanta,9033,3360,9503,19,52
pretium iaculis,Pheonix,8726,8253,3126,30,36
in felis eu sapien cursus,New York City,8404,4038,3981,31,17
elementum nullam varius,Pheonix,1704,3384,8899,57,8
feugiat et eros vestibulum ac,Atlanta,7191,3531,7931,41,91
sapien a libero,Pheonix,7246,4225,4537,71,18
et ultrices posuere,Pheonix,8197,641,3948,53,94
sagittis sapien,Chicago,5426,9080,5610,86,41
pellentesque ultrices phasellus,New York City,3486,9009,1150,50,16
imperdiet nullam,Chicago,6251,7214,6813,70,38
nunc rhoncus dui vel,Pheonix,230,7027,6904,45,47
est quam pharetra magna,Pheonix,3658,6232,5897,50,38
pellentesque at,Pheonix,4741,1592,1552,28,81
ante nulla justo,New York City,7963,8453,1935,100,35
pharetra magna ac consequat metus,Pheonix,2080,3046,5786,89,99
mi in porttitor pede justo,Chicago,8687,9712,5441,72,55
posuere felis sed lacus morbi,Chicago,9445,1832,371,25,86
duis aliquam convallis nunc proin,Pheonix,2223,4124,2590,85,95
fusce congue diam id ornare,Chicago,5426,8083,7798,22,56
molestie sed justo pellentesque viverra,Atlanta,7049,5200,6711,61,6
orci luctus,Pheonix,2942,3325,3456,1,3
erat fermentum justo,Pheonix,2752,3830,140,87,16
laoreet ut rhoncus aliquet pulvinar,Chicago,1877,1220,4336,98,35
amet turpis elementum ligula vehicula,Pheonix,4011,6390,2874,50,9
porttitor lorem id,New York City,9366,8291,5544,44,14
eget semper rutrum nulla,Atlanta,639,9790,2500,60,70
urna ut tellus nulla,Chicago,6919,216,1493,91,41
rhoncus aliquet pulvinar sed,Chicago,1458,9475,8883,28,80
eu tincidunt in leo,Pheonix,4531,7520,9149,43,81
tempus vivamus in felis eu,Pheonix,2935,8123,7325,45,51
ut tellus nulla ut erat,Pheonix,7834,658,4789,50,15
et magnis dis,Pheonix,593,935,1065,88,67
semper rutrum,Chicago,2852,2251,6403,49,46
lectus aliquam sit,New York City,7862,5211,8908,71,35
interdum mauris ullamcorper,Pheonix,5283,5670,397,43,12
vivamus in felis eu sapien,Chicago,3884,6451,2597,48,22
odio consequat varius integer ac,New York City,7047,8521,5207,51,76
porttitor lacus at turpis donec,New York City,5097,7131,2902,10,89
ultricies eu,Pheonix,9111,6071,3575,34,92
eget orci,Pheonix,6186,9722,9453,96,17
sapien arcu sed,Pheonix,7743,1810,9679,6,57
rhoncus aliquam lacus morbi,Pheonix,4036,1652,4301,1,21
mattis egestas metus,Pheonix,6438,7478,7204,31,52
dui vel,New York City,8259,4583,3199,27,87
eu nibh quisque id justo,Atlanta,6857,9900,6116,2,79
dapibus duis at velit,Chicago,9781,7005,4202,54,23
montes nascetur ridiculus mus,New York City,6630,4942,481,4,86
vitae nisl aenean lectus,Pheonix,7636,5150,7039,19,69
tortor eu pede,Pheonix,4847,8141,1373,24,35
platea dictumst,Chicago,4904,4048,2353,47,28
quam sapien varius ut,Pheonix,3652,3008,1471,90,97
libero nam dui,Pheonix,9765,8252,4377,57,71
laoreet ut,Pheonix,3171,7772,5568,48,87
semper rutrum nulla,Pheonix,2766,1900,903,77,21
ut rhoncus aliquet pulvinar,Pheonix,3438,6570,3349,100,74
ridiculus mus vivamus,Atlanta,3789,4504,9841,98,50
dapibus nulla suscipit ligula in,Pheonix,2124,4410,2577,15,62
nulla mollis,Pheonix,3341,1277,4897,33,10
volutpat quam pede,Atlanta,434,7710,6975,16,99
imperdiet sapien urna pretium nisl,Chicago,2663,3987,6127,21,3
ac leo pellentesque,Pheonix,6478,2279,1989,15,86
orci luctus,Pheonix,1318,9601,9660,17,81
sem duis aliquam convallis nunc,Chicago,1662,8829,461,51,35
erat fermentum justo,Chicago,7250,2859,1584,29,51
odio consequat varius integer,Chicago,4763,9999,5745,86,58
rutrum rutrum neque aenean auctor,Atlanta,3311,7306,6264,37,41
molestie nibh in lectus,Pheonix,3767,3406,705,14,38
ut erat,Pheonix,2523,7445,9427,67,15
sollicitudin vitae consectetuer,Pheonix,927,8347,2582,58,60
est et tempus semper est,Chicago,9471,3825,4856,60,57
erat eros,Atlanta,9750,667,9864,54,86
parturient montes nascetur ridiculus,Atlanta,6153,7936,3229,62,66
massa id lobortis convallis tortor,Chicago,2673,8325,1800,77,62
potenti nullam,Chicago,3233,8722,2105,66,71
sollicitudin mi sit amet lobortis,Chicago,793,3315,2984,30,15
lectus in,New York City,7523,2145,1120,86,72
ipsum primis,Atlanta,4684,3370,4548,93,63
purus sit,Pheonix,1362,2425,194,89,33
quam a odio in hac,Chicago,1204,6436,5292,90,26
risus auctor sed,Pheonix,3515,7457,913,87,94
rutrum nulla nunc purus phasellus,Pheonix,7984,1599,9652,69,91
vestibulum ante ipsum primis,Pheonix,8131,8037,8590,92,1
urna ut tellus nulla,Pheonix,7283,3967,1553,88,22
justo sollicitudin,New York City,2818,4000,1898,96,96
ante vel ipsum praesent blandit,Atlanta,6775,1669,2372,41,42
a libero nam dui,Pheonix,6785,3606,303,39,2
condimentum neque sapien placerat,Pheonix,92,6939,1390,33,98
quam turpis adipiscing,Pheonix,4681,454,7692,61,88
iaculis congue vivamus,New York City,3271,1024,1799,23,100
sit amet,Pheonix,3337,5045,6166,68,43
duis at,Pheonix,1686,1863,4032,48,34
sit amet erat,Atlanta,7334,1969,7525,56,21
et ultrices posuere,Pheonix,7739,5366,1804,25,10
sed augue,Pheonix,8621,845,8194,9,51
augue vestibulum,Chicago,2787,1033,6023,42,100
suscipit ligula in,Pheonix,4378,1440,233,100,39
ipsum primis in faucibus,Chicago,75,300,7878,25,29
neque duis bibendum morbi non,Atlanta,3741,8813,6287,80,46
vel augue vestibulum,Pheonix,5995,7738,8017,94,4
nisi eu orci mauris,Pheonix,8236,8813,4040,39,36
natoque penatibus et magnis,Pheonix,3119,7675,9200,71,32
erat curabitur gravida,Chicago,130,9677,45,75,83
consectetuer eget rutrum at,Atlanta,3997,7699,2848,76,7
hendrerit at vulputate vitae,Pheonix,8954,8645,7026,2,81
elementum nullam,Chicago,7608,2049,4218,25,56
nulla mollis molestie lorem quisque,Chicago,9701,3130,1380,14,99
quis libero nullam,Chicago,5331,1210,6469,89,88
ultrices posuere cubilia curae,Chicago,1390,3926,5811,23,63
id massa id,New York City,1629,4042,7201,86,49
id pretium iaculis,Pheonix,74,9587,8049,81,85
quisque arcu libero,Pheonix,7269,3655,6547,6,22
tempus semper est,Pheonix,2593,9614,6754,69,77
amet diam,New York City,4021,7658,6764,86,85
nullam porttitor lacus at,Pheonix,3042,2707,6424,98,53
vel nulla eget,Atlanta,9688,2383,5776,8,13
sed tincidunt,Atlanta,8206,172,3928,30,20
id justo sit amet sapien,Pheonix,1266,7393,4404,17,14
justo pellentesque,Chicago,126,1137,3820,32,67
odio justo,Pheonix,2329,8726,9214,2,72
fusce lacus purus aliquet at,Pheonix,1817,9242,3096,34,8
hac habitasse platea,Pheonix,8723,2287,6075,88,10
amet nunc viverra dapibus,Atlanta,4154,1979,9746,32,40
congue risus semper porta,Pheonix,9735,9108,5123,46,21
posuere cubilia curae,Pheonix,5434,9188,2235,5,31
praesent id massa id nisl,Pheonix,9797,5714,9701,69,82
ante nulla justo,Chicago,7626,7079,1471,39,53
parturient montes nascetur,Pheonix,6299,722,8200,65,62
vel dapibus,Pheonix,9496,6959,8228,48,64
libero nam dui proin leo,New York City,656,7261,5837,44,38
phasellus in felis donec semper,Pheonix,604,5273,6226,78,34
nisl duis,Pheonix,7916,8117,438,56,36
pretium nisl ut volutpat sapien,Pheonix,3106,9574,3745,87,73
nullam varius nulla facilisi,New York City,4997,5264,4969,35,38
lacinia nisi venenatis tristique,Pheonix,5225,5153,1545,31,72
varius integer ac leo,Pheonix,7403,7724,8614,64,99
elit ac,Pheonix,9441,1587,929,67,59
lacus morbi quis tortor,Atlanta,8760,1413,185,29,87
tempus vivamus,Chicago,6903,7568,2371,73,79
aenean sit amet justo,Pheonix,2383,9058,879,49,89
nullam varius nulla facilisi cras,Atlanta,1635,9306,2608,20,87
molestie nibh in lectus,Pheonix,1274,4527,423,58,92
amet consectetuer adipiscing,Pheonix,2979,5025,4273,11,30
quis tortor id,Atlanta,2144,7674,7495,55,12
turpis enim blandit mi in,Pheonix,3578,4061,5923,11,1
sit amet,Pheonix,4661,9820,1995,50,68
habitasse platea dictumst morbi,Pheonix,8128,8136,5558,28,37
interdum mauris non,New York City,7841,4084,8009,14,3
convallis nulla,Atlanta,585,7985,624,59,96
odio curabitur convallis,Pheonix,9371,7883,7417,27,95
in hac habitasse,Atlanta,1729,5673,1281,50,22
luctus et ultrices posuere,Pheonix,9688,5913,8776,93,49
orci luctus et ultrices posuere,Pheonix,8437,8788,3537,71,86
parturient montes,Pheonix,1952,2339,1830,20,87
proin risus,Chicago,8215,7078,5111,25,54
ut massa quis augue,Atlanta,189,4883,8392,70,23
nisi at nibh in hac,Pheonix,8768,9106,2233,53,6
lobortis est phasellus sit amet,Chicago,9919,5061,9578,50,58
cursus urna ut tellus,Pheonix,9790,4311,3395,81,34
a suscipit nulla elit,Pheonix,9759,8057,7913,40,19
in hac habitasse platea,Chicago,4642,5702,587,99,83
pede lobortis ligula sit amet,New York City,3294,882,3539,81,14
lorem ipsum dolor,New York City,9872,5538,5360,74,100
mauris sit amet eros,Atlanta,7697,6153,6950,70,53
justo sit amet,New York City,2264,9319,2987,85,17
nulla nunc purus phasellus in,Pheonix,3318,2625,2357,100,74
sed vel,Chicago,409,7299,267,45,68
luctus et,Pheonix,1305,6323,2171,53,8
mi nulla ac enim in,Pheonix,9129,8008,8310,55,7
pulvinar sed nisl nunc,Pheonix,8071,5588,543,88,40
lacus curabitur at ipsum ac,Chicago,8462,8970,4762,31,22
aliquam lacus morbi,Pheonix,5321,4561,5485,30,66
nisi venenatis tristique fusce congue,Pheonix,536,6563,7258,16,20
mi pede malesuada,Atlanta,7323,8242,8887,49,19
magna at nunc,Pheonix,34,5455,8994,38,88
vel pede morbi,Pheonix,1892,9519,8918,7,52
et magnis dis parturient montes,Atlanta,5586,2848,7776,80,39
a feugiat et eros,Pheonix,8475,2413,7264,58,24
nisi volutpat eleifend donec,Chicago,9976,8404,8720,59,99
potenti in eleifend quam a,Pheonix,1975,5753,7249,59,45
et magnis dis,Pheonix,5422,689,5472,6,78
orci pede venenatis non,New York City,4577,3097,2499,59,34
lectus pellentesque eget nunc,Pheonix,1372,7911,4932,82,62
risus auctor,Chicago,9070,7565,4778,66,44
mauris vulputate elementum nullam,Pheonix,7217,9379,296,78,26
aliquam quis turpis eget,Pheonix,1666,6080,5419,80,50
in imperdiet et commodo vulputate,New York City,1445,1211,4195,79,73
vestibulum ante ipsum primis in,New York City,6805,490,4680,3,88
metus sapien,Pheonix,3957,2203,4021,21,76
aliquet pulvinar sed,Pheonix,8254,3892,6544,30,23
amet eros suspendisse accumsan tortor,Chicago,6521,2837,5946,38,70
hac habitasse platea,Pheonix,8232,4788,7376,94,54
id ligula suspendisse ornare consequat,New York City,6921,2048,8584,23,58
tempor convallis nulla neque libero,Chicago,2423,9955,985,71,67
iaculis justo in,Chicago,6178,6884,7289,68,94
posuere nonummy integer non velit,Pheonix,6969,5830,1073,77,24
nisi nam,Chicago,8481,1409,1936,33,49
non mauris morbi non,Pheonix,5455,5361,292,74,10
massa volutpat convallis morbi,Atlanta,2774,4818,1998,63,56
non quam,Chicago,2810,1451,9043,98,60
nec condimentum,Pheonix,5294,7528,5978,2,82
cras in purus,Atlanta,2244,3257,1320,2,20
sapien cum sociis natoque,Chicago,5280,7078,9156,43,13
sapien in sapien,Pheonix,756,9535,3650,14,97
lobortis ligula,Chicago,7652,8085,7906,62,82
metus arcu adipiscing molestie hendrerit,Pheonix,9267,6283,9464,34,35
nascetur ridiculus,Pheonix,5367,1989,9246,5,45
magnis dis parturient,Pheonix,6145,3665,2886,37,96
sociis natoque,Pheonix,7715,372,8400,29,51
imperdiet nullam orci,Chicago,2942,1724,9898,27,100
pellentesque quisque porta,Atlanta,1338,7168,174,41,41
habitasse platea dictumst aliquam,Pheonix,9937,5169,6134,76,3
aliquam lacus morbi quis,New York City,4060,7639,2613,60,52
tincidunt in leo maecenas pulvinar,Pheonix,5650,3801,4578,62,79
amet turpis elementum,New York City,9407,9042,2791,30,7
nisl duis bibendum felis,Chicago,2733,381,4498,97,46
nunc proin,New York City,460,9643,5482,88,89
sed lacus morbi,Pheonix,3050,9356,4088,63,90
in leo maecenas pulvinar,Pheonix,6969,8887,8822,64,88
ornare imperdiet sapien urna,Chicago,7016,2667,792,13,77
odio porttitor,Chicago,9974,8000,8238,93,24
rhoncus sed vestibulum sit amet,Pheonix,8872,2362,3152,11,37
metus arcu adipiscing molestie hendrerit,Pheonix,7776,8217,2218,21,99
ut dolor morbi,Pheonix,4236,424,7319,15,78
ac diam cras,Atlanta,5188,721,9217,46,20
integer ac neque duis,Pheonix,5808,4389,6035,72,32
lobortis ligula sit,New York City,6658,2066,2253,28,23
luctus et,Chicago,453,9244,6823,61,39
aliquam convallis nunc proin at,Atlanta,9005,3113,885,44,8
aliquet at feugiat non,Chicago,6367,7672,9099,52,15
lacinia aenean sit,Pheonix,7860,1775,5243,48,46
feugiat et,Atlanta,5528,7471,7199,95,82
erat nulla tempus,Chicago,9639,5067,276,44,13
quis justo maecenas rhoncus aliquam,Pheonix,4268,2296,7287,48,40
sed lacus,Pheonix,9818,7443,2948,92,34
primis in faucibus orci,Chicago,7985,2577,7722,3,5
ligula nec sem duis,New York City,978,8082,9086,21,32
nunc donec quis orci eget,Chicago,5404,9326,4936,3,10
ipsum primis in faucibus,Pheonix,1918,6316,8257,9,14
vulputate ut ultrices vel augue,Pheonix,3010,6421,1945,40,61
nullam orci pede venenatis non,Pheonix,2881,6272,5322,11,13
tellus nisi eu,Atlanta,1715,120,6074,96,53
nibh in lectus,Pheonix,5574,9171,2141,30,68
suspendisse accumsan tortor quis turpis,Chicago,7049,6470,5447,25,97
proin interdum mauris,Pheonix,9798,6748,7533,69,10
venenatis tristique,Pheonix,1141,8766,2162,55,88
magna at nunc commodo placerat,Pheonix,2763,7331,5323,37,21
ante vivamus tortor,New York City,3126,3563,3252,40,87
fusce lacus purus aliquet at,Atlanta,1890,8283,5095,80,95
potenti cras in purus eu,New York City,4180,2042,6796,4,41
vestibulum proin eu mi,Pheonix,4936,154,8459,52,90
viverra dapibus nulla suscipit ligula,Pheonix,6245,6098,7745,42,24
etiam justo etiam pretium iaculis,Pheonix,4422,6817,3739,56,63
justo etiam pretium,Chicago,9206,409,7404,80,28
est phasellus sit amet,Pheonix,5303,6246,1142,69,58
et ultrices posuere,New York City,4697,5547,1419,81,46
nulla neque libero convallis,Chicago,7484,461,7575,23,63
donec pharetra,Pheonix,7577,1261,4322,43,63
vivamus vel nulla eget eros,Chicago,6602,7396,6055,46,63
curae donec pharetra magna vestibulum,New York City,3386,6963,6454,76,31
tempor turpis nec euismod scelerisque,Chicago,3433,3345,429,77,32
nulla nisl nunc nisl duis,New York City,4581,8124,8000,36,66
congue elementum in hac,Pheonix,6174,9132,7015,21,62
varius integer,Pheonix,450,2555,2691,32,19
aliquet ultrices,Pheonix,5183,8060,4537,26,37
est lacinia,Chicago,9154,319,7506,60,63
non pretium quis,Pheonix,2340,3745,2749,29,23
nisl aenean lectus pellentesque,Pheonix,7642,877,9744,30,42
nulla suscipit ligula,Pheonix,9844,6830,6550,49,46
sapien varius ut blandit non,Pheonix,3022,5699,1130,18,48
lobortis sapien,Pheonix,8321,3770,1019,13,40
augue vestibulum ante ipsum primis,Chicago,6513,326,3277,14,44
sit amet consectetuer,Pheonix,7942,5242,8342,14,56
massa volutpat convallis morbi odio,New York City,8687,1705,3989,98,77
amet consectetuer adipiscing elit proin,New York City,9644,6940,5993,38,96
sed augue aliquam erat,Pheonix,7129,1556,5670,55,98
curae nulla dapibus,New York City,491,8370,8878,71,28
semper est quam,Pheonix,6987,3573,4684,93,70
consectetuer adipiscing elit proin,Chicago,8335,2492,1469,10,31
ut tellus,Pheonix,3906,4875,8372,13,51
diam cras pellentesque volutpat dui,Chicago,2759,2181,1085,47,48
lorem ipsum dolor sit,Chicago,6366,7497,8969,33,57
vehicula consequat morbi a ipsum,Atlanta,1855,9922,9530,14,12
mattis pulvinar nulla,Chicago,7704,5253,495,75,89
at nunc commodo placerat praesent,Pheonix,318,3959,2064,51,54
nunc proin at turpis,Chicago,3139,6925,4815,50,58
at diam nam,Pheonix,2894,5779,1170,4,28
ut odio cras mi pede,Pheonix,622,6097,9565,90,63
tristique tortor,New York City,2627,6710,480,21,91
nullam orci,Pheonix,9768,7665,9540,93,73
montes nascetur ridiculus mus,Chicago,2482,5849,6169,25,18
platea dictumst aliquam,Pheonix,8197,980,44,68,79
eget orci vehicula condimentum curabitur,Pheonix,1306,6967,4477,10,19
est lacinia nisi venenatis,Pheonix,1470,7087,9269,20,23
eros elementum,Pheonix,8327,1499,197,32,35
sit amet diam,Atlanta,3499,7389,9727,42,25
sociis natoque penatibus et,Pheonix,5196,8252,5469,60,37
mattis pulvinar nulla pede ullamcorper,Atlanta,7544,5198,4138,4,31
consequat lectus in,Chicago,7834,4206,578,88,92
integer ac neque,Pheonix,6641,6285,87,25,50
ante ipsum,Atlanta,3676,2536,4160,15,31
congue elementum in hac habitasse,Pheonix,9904,9764,9564,64,59
suspendisse potenti in,Pheonix,5946,6080,3671,36,100
purus sit amet nulla quisque,Pheonix,2093,7065,269,20,71
ac lobortis vel,Pheonix,9721,3714,884,82,28
non mi,Pheonix,9011,1854,9537,29,13
ante nulla justo aliquam,New York City,5705,5661,657,92,57
parturient montes,Atlanta,2777,1654,7832,52,49
duis mattis egestas,New York City,7336,2007,2204,12,5
consequat metus sapien,Pheonix,7848,1561,1195,64,89
pede malesuada,New York City,3148,2309,2746,40,39
semper rutrum,Atlanta,6435,983,7581,77,79
magna at nunc,Chicago,1615,7451,3691,44,85
enim in,Chicago,1001,8257,9401,20,65
interdum mauris ullamcorper purus,Pheonix,9947,6532,3865,17,60
vestibulum ac est lacinia,Pheonix,7148,169,133,67,57
aliquet at,Chicago,2549,4961,6692,100,93
sapien dignissim vestibulum,Chicago,300,7676,9365,48,73
amet consectetuer adipiscing elit proin,Pheonix,3262,212,9898,65,2
amet consectetuer adipiscing elit proin,Pheonix,9761,6694,2672,50,2
hac habitasse,Pheonix,9519,8729,7755,50,70
augue vestibulum,Chicago,8228,4668,3780,57,63
pulvinar sed nisl,Pheonix,7020,3440,4979,91,96
nibh quisque id,Chicago,3544,5048,1565,79,48
fermentum donec ut mauris eget,Pheonix,3830,4364,7035,93,46
est phasellus sit amet,Pheonix,354,4274,5700,66,90
primis in,Pheonix,4395,4793,3322,85,61
vitae ipsum,Pheonix,7895,8238,977,18,50
augue aliquam erat volutpat,Pheonix,3469,6195,4559,59,90
vitae nisi nam ultrices,Pheonix,1600,9360,1856,15,1
consectetuer adipiscing elit proin,Pheonix,6427,7579,1718,28,56
mi integer ac,New York City,4036,7487,4492,77,28
tellus in,Chicago,405,5484,6984,80,65
sociis natoque penatibus et magnis,New York City,7222,141,6288,3,67
eu felis fusce,Chicago,1653,7123,6449,47,25
lacus at,Chicago,676,9174,4671,85,57
ultrices enim lorem ipsum,Atlanta,6263,9801,1916,57,59
sit amet eleifend pede libero,Pheonix,1386,6812,1641,46,84
suspendisse ornare consequat,Chicago,4705,8691,6199,77,73
suspendisse potenti nullam porttitor lacus,Pheonix,7955,9905,5185,77,7
odio odio elementum eu,Pheonix,2113,6626,6545,7,6
consequat morbi a ipsum integer,Chicago,3584,6129,9579,54,65
diam id ornare imperdiet sapien,Pheonix,1348,1626,7452,25,34
convallis duis,Chicago,3706,9417,5236,80,12
eget eleifend luctus ultricies eu,New York City,8143,9682,8305,56,10
sapien a libero,Chicago,4928,9506,1000,78,55
consequat in consequat ut,Atlanta,26,2923,8417,89,34
lobortis vel dapibus,Pheonix,6288,2684,2938,93,83
ante ipsum primis,Chicago,467,9252,9677,86,91
vestibulum velit id,Chicago,354,5903,7188,56,3
erat curabitur,Atlanta,3087,8942,2894,39,87
parturient montes,Pheonix,3552,4385,6051,24,5
phasellus id sapien in sapien,Pheonix,8534,725,606,97,66
dui vel sem,Chicago,2544,1602,978,63,11
elit proin risus praesent lectus,New York City,1162,5223,4879,1,69
mauris enim leo rhoncus,New York City,2857,6336,7925,46,52
augue vestibulum ante ipsum,Pheonix,1544,9933,1701,52,39
libero nam dui proin,Pheonix,9454,1639,1247,81,41
elementum ligula vehicula consequat,Pheonix,1051,7334,253,98,87
id mauris,Pheonix,1593,1149,8779,32,92
nisl ut volutpat sapien,Chicago,1364,9339,6049,72,60
primis in faucibus,Pheonix,3315,387,8357,64,43
molestie nibh in lectus pellentesque,Pheonix,2025,7241,142,62,22
venenatis lacinia aenean sit,Atlanta,4385,458,1979,60,49
lectus vestibulum quam sapien,Chicago,1229,1835,4040,22,10
purus eu magna vulputate luctus,Chicago,6949,6686,4764,81,7
tortor id nulla ultrices aliquet,Chicago,6455,8696,6467,40,2
eleifend luctus ultricies eu,Chicago,8381,2900,6976,94,72
mauris lacinia,Pheonix,6651,9484,1568,73,75
aliquet pulvinar sed nisl nunc,Pheonix,8216,5749,959,95,27
duis bibendum morbi non quam,Pheonix,3608,6329,2010,12,21
fusce consequat nulla nisl nunc,Pheonix,9032,1320,3895,7,78
tempor turpis nec euismod,Chicago,4723,6641,9479,44,54
eros viverra eget congue,Pheonix,4667,7350,501,60,58
mi pede malesuada in,Chicago,3602,6854,808,26,6
amet nulla quisque arcu libero,New York City,1386,6242,9322,55,5
ante vivamus tortor,Chicago,1857,8240,9302,88,64
augue quam sollicitudin vitae,Pheonix,9884,2656,6272,60,86
ante nulla justo aliquam quis,Pheonix,6995,8039,9406,28,63
pede ac diam,Pheonix,7104,8043,9907,12,75
ut suscipit,New York City,3918,4661,2761,78,11
eu massa donec dapibus,New York City,7054,6955,1340,67,69
dui nec nisi,Pheonix,3515,3970,6996,16,43
cras non velit nec,Pheonix,5634,7542,865,95,53
nulla dapibus,Chicago,222,4500,3681,54,47
vestibulum ante ipsum primis in,Pheonix,8538,3957,2185,50,32
consectetuer eget,Pheonix,1387,9930,5041,82,32
mi pede,Atlanta,4103,8559,1682,11,22
libero rutrum ac lobortis,Pheonix,8347,9928,7023,32,86
justo sit amet,Pheonix,307,9877,9140,66,69
ut suscipit a feugiat et,Chicago,5799,8649,7348,95,72
ac enim,Pheonix,4544,9611,6184,50,44
nisl ut volutpat sapien,Pheonix,1894,5630,7720,9,63
magna ac consequat,Pheonix,6712,3880,5409,99,38
curabitur gravida nisi,Chicago,7827,4784,6636,10,14
sit amet cursus id turpis,Chicago,7638,5753,9196,18,65
augue aliquam erat,Pheonix,1571,4474,6708,44,81
iaculis diam erat,Pheonix,6970,3179,8040,40,74
sit amet,Pheonix,6836,4126,1552,82,26
augue vestibulum ante ipsum,Pheonix,472,2196,4988,71,68
blandit lacinia,Chicago,1972,3159,6492,58,40
luctus et,Pheonix,6304,7315,6145,52,43
aliquet ultrices,Atlanta,527,2577,7215,97,24
ante ipsum primis,Chicago,2921,5342,3626,30,29
neque sapien,Atlanta,1061,4567,7299,98,2
in porttitor pede,Chicago,6530,4219,7966,50,10
nibh in hac,Pheonix,6223,7721,741,32,73
nulla eget eros,Chicago,5512,380,9796,18,94
urna ut tellus nulla,Pheonix,2523,8609,4827,21,98
ante ipsum primis,Chicago,4238,6809,8331,72,58
erat curabitur gravida,New York City,9278,1542,3689,78,59
in faucibus orci luctus et,Pheonix,4486,9619,6302,59,76
mattis egestas metus aenean fermentum,Atlanta,9299,8568,1224,64,2
leo pellentesque,Atlanta,8260,9578,8606,48,63
pretium nisl ut,Pheonix,3077,1217,3679,87,89
urna ut tellus nulla ut,Pheonix,1744,9344,2038,32,28
nullam molestie nibh in,Pheonix,1781,4272,2485,25,7
in faucibus orci luctus et,Pheonix,2396,1275,83,50,78
in congue etiam justo,Pheonix,6283,988,3453,7,23
odio condimentum,Pheonix,6014,7644,7132,100,9
fringilla rhoncus mauris enim,Pheonix,4908,7807,4234,52,65
nulla eget eros elementum pellentesque,Chicago,5310,8902,5407,62,58
ante vivamus tortor duis mattis,Pheonix,3983,9498,9509,16,63
tellus nulla ut erat,Pheonix,7080,6183,4893,27,70
ac diam,Chicago,1902,3328,6999,40,69
dui proin leo odio,Pheonix,3117,8590,1805,20,99
ante vel ipsum praesent blandit,Chicago,1570,1729,6003,21,6
odio elementum,Atlanta,7462,7930,4260,40,12
ornare consequat lectus,Pheonix,5231,7849,3198,23,4
augue a suscipit nulla,Chicago,76,9707,7851,44,85
sapien dignissim vestibulum,Pheonix,3655,6063,7985,64,3
faucibus cursus urna,Pheonix,5655,2991,7726,10,63
eu magna vulputate luctus,Pheonix,4456,4570,6389,69,68
porta volutpat,Chicago,2670,4941,773,3,63
luctus et ultrices,Atlanta,3802,5496,8487,91,85
id justo sit amet,New York City,274,8618,3888,76,94
pellentesque quisque porta,Chicago,7341,3186,513,45,37
vestibulum rutrum rutrum neque aenean,Pheonix,6463,6165,6553,11,65
cursus id,Pheonix,4867,4071,2241,25,91
vulputate luctus cum sociis,Pheonix,54,7838,2572,42,49
ultrices erat tortor sollicitudin mi,Atlanta,6324,5301,9277,91,2
ut dolor morbi,Pheonix,5107,5712,8512,36,31
vestibulum ac,Pheonix,2298,1799,5066,15,84
auctor gravida,New York City,9136,3171,5713,3,24
ultrices mattis odio donec vitae,Chicago,5860,2563,9140,58,40
id ornare imperdiet sapien,Pheonix,3897,6375,8758,5,97
quam sollicitudin,Pheonix,5396,5145,6247,39,33
elementum in hac habitasse,New York City,4120,40,7232,8,95
mi pede malesuada in imperdiet,Atlanta,9677,6007,7966,27,39
lectus aliquam,Pheonix,5477,6513,9513,95,55
sit amet,Pheonix,9724,4097,2228,33,24
ipsum primis in,Pheonix,2594,174,6389,17,36
vestibulum rutrum rutrum neque aenean,Pheonix,3713,9979,5111,98,32
massa quis augue,Pheonix,4328,7759,784,96,93
ipsum primis in faucibus,Atlanta,4389,9707,5851,22,56
eget tincidunt eget,Pheonix,3050,151,6896,58,39
a pede posuere,Chicago,5398,2313,9777,4,91
donec diam neque,New York City,2230,8851,7740,46,74
sagittis sapien,Pheonix,7125,4755,4296,42,1
mi integer ac neque duis,Chicago,4991,3737,7476,86,34
vel augue vestibulum rutrum rutrum,Pheonix,8536,9565,335,65,30
luctus rutrum nulla tellus in,Atlanta,7090,5847,2957,26,61
felis donec semper sapien a,Pheonix,3079,144,3361,71,3
dui nec nisi volutpat,Pheonix,6070,2673,7668,21,21
quam nec dui luctus,Atlanta,5954,751,1242,3,97
justo lacinia eget,Pheonix,5224,7846,6458,73,71
odio consequat varius,New York City,2957,4690,8498,80,20
consequat dui nec nisi volutpat,New York City,4768,135,9163,86,44
et eros vestibulum ac,New York City,337,7192,10,90,90
non mauris,Pheonix,8074,6840,9143,65,95
sollicitudin ut,Pheonix,5192,6032,4303,28,58
vel ipsum praesent blandit lacinia,Pheonix,1736,5626,9056,24,51
nibh in hac,Pheonix,9042,398,9547,73,19
pellentesque viverra pede,New York City,8472,2445,7956,30,11
donec diam neque vestibulum,New York City,6049,6568,1098,56,73
laoreet ut rhoncus,Pheonix,3308,7450,4257,12,74
nascetur ridiculus mus etiam,Atlanta,3449,1885,7955,67,23
ligula sit amet,Pheonix,3829,3387,6083,40,77
nulla eget eros,Pheonix,2261,6192,4508,71,84
felis donec semper sapien,Pheonix,4774,5982,2019,28,55
lorem id ligula suspendisse,Pheonix,9446,8050,7781,89,18
ridiculus mus etiam,Pheonix,3470,6203,2688,33,39
vestibulum quam,Atlanta,2314,2258,1514,7,47
hac habitasse platea,New York City,2279,9134,2880,69,90
id ligula suspendisse ornare consequat,Pheonix,5364,4550,4805,68,32
nulla nisl nunc nisl duis,Pheonix,1842,1983,9329,63,55
nam congue risus semper,Chicago,6102,1019,7977,91,20
libero quis,Pheonix,831,904,363,17,56
cursus vestibulum proin,Atlanta,1135,1775,3197,79,89
sem praesent id,Atlanta,8879,5791,8383,95,1
luctus cum sociis,Chicago,8077,1297,5738,44,57
accumsan odio curabitur,Chicago,7744,3109,1061,55,23
turpis a pede,Chicago,417,5829,7729,74,92
sit amet,Pheonix,5015,2281,8046,71,87
euismod scelerisque quam turpis adipiscing,Pheonix,8859,3465,4186,63,20
vestibulum sit amet cursus id,Pheonix,3792,8090,5548,31,35
sit amet justo morbi,Atlanta,1047,5616,8988,16,65
eleifend quam a odio in,Pheonix,5782,8633,7870,92,35
neque duis bibendum,Pheonix,5916,8402,7969,70,78
tincidunt eu felis fusce posuere,Pheonix,7054,8081,5605,37,1
in libero,Chicago,4261,8935,4439,5,56
nec nisi volutpat eleifend donec,Atlanta,82,8490,7013,79,100
scelerisque mauris sit,New York City,9766,7053,8977,8,50
porta volutpat erat quisque erat,Pheonix,8021,4320,3807,45,44
aliquam augue quam sollicitudin vitae,Chicago,1718,3193,1113,89,37
ante ipsum,Chicago,13,413,5481,6,64
tellus in sagittis dui,Pheonix,7495,1923,7407,58,90
aliquet ultrices erat tortor,Pheonix,6973,489,8942,16,72
aliquam augue quam,Pheonix,6808,6645,3708,83,57
risus praesent,Pheonix,6796,9333,6061,35,18
auctor sed tristique in tempus,New York City,7731,8779,8159,42,11
quis orci,Chicago,8740,8900,4647,7,93
felis donec semper sapien a,Chicago,8025,8570,9411,69,5
duis bibendum felis,Pheonix,7398,4537,5566,82,13
in tempus sit,Atlanta,1962,5086,4112,68,29
sed augue,Pheonix,1088,2933,3904,45,92
auctor sed tristique in tempus,Pheonix,3191,1014,6225,70,65
tortor risus dapibus,New York City,9916,2350,7671,87,40
massa id nisl venenatis,Pheonix,8071,4400,7544,100,91
ipsum integer,Atlanta,5929,3204,4039,58,48
sapien arcu sed augue,Pheonix,6471,2738,9545,40,7
at vulputate vitae nisl aenean,Pheonix,8116,765,3947,25,57
et ultrices posuere cubilia curae,New York City,8649,3068,448,8,32
suscipit nulla elit,Pheonix,5469,8613,7116,97,34
gravida sem praesent id,Pheonix,7833,4911,1141,97,13
phasellus id,Pheonix,3992,8880,7255,70,29
sit amet lobortis sapien sapien,Pheonix,8080,1936,4366,60,48
non ligula pellentesque ultrices,Pheonix,8514,3378,5898,82,47
nulla eget eros elementum,Pheonix,2616,1567,3982,8,39
et eros,Chicago,5045,9514,1605,94,95
donec odio justo,Chicago,4775,5698,3377,82,82
habitasse platea dictumst,Pheonix,9665,8851,2670,61,60
curabitur gravida nisi,Pheonix,9424,6417,3488,51,66
mauris non,Pheonix,3038,551,588,79,83
hac habitasse platea dictumst etiam,Pheonix,2102,5922,8250,98,8
aliquam erat volutpat in,Pheonix,4079,920,1447,63,68
elit proin interdum mauris non,Pheonix,8684,20,5248,43,83
rhoncus sed vestibulum sit amet,Chicago,5985,9881,9365,79,13
hac habitasse,Pheonix,6420,2403,9175,19,90
nonummy maecenas,New York City,2294,8915,1054,47,76
sit amet sapien dignissim,Chicago,3031,2559,1810,8,88
quam nec,Chicago,3061,8067,561,88,15
felis eu sapien cursus vestibulum,New York City,1789,6368,529,35,26
sem mauris laoreet,Chicago,5076,7988,7200,42,13
morbi sem mauris laoreet ut,New York City,7614,9098,9513,23,47
posuere felis,Chicago,8125,2008,11,84,20
justo morbi,New York City,2105,3449,3243,70,48
erat vestibulum sed magna,Atlanta,2874,5366,2137,82,26
luctus et ultrices posuere cubilia,Pheonix,1650,866,2505,11,22
sed tincidunt,Pheonix,1488,5949,5396,48,84
quisque ut erat curabitur,Pheonix,1165,1120,9517,4,54
aliquam augue quam,New York City,2536,6662,5723,91,84
